{
  "name": "",
  "indicesPerMaterial": [
    [
      0,
      1,
      2,
      1,
      3,
      2,
      4,
      5,
      6,
      5,
      7,
      6,
      8,
      9,
      10,
      9,
      11,
      10,
      12,
      13,
      14,
      13,
      15,
      14,
      16,
      17,
      18,
      17,
      19,
      18,
      20,
      21,
      22,
      21,
      23,
      22
    ]
  ],
  "materialsByIndex": {},
  "tangents": [],
  "bitangents": [],
  "vertexNormals": [
    1,
    0,
    0,
    1,
    0,
    0,
    1,
    0,
    0,
    1,
    0,
    0,
    -1,
    0,
    0,
    -1,
    0,
    0,
    -1,
    0,
    0,
    -1,
    0,
    0,
    0,
    0.26738041639328003,
    0,
    0,
    0.26738041639328003,
    0,
    0,
    0.26738041639328003,
    0,
    0,
    0.26738041639328003,
    0,
    0,
    -0.26738041639328003,
    0,
    0,
    -0.26738041639328003,
    0,
    0,
    -0.26738041639328003,
    0,
    0,
    -0.26738041639328003,
    0,
    0,
    0,
    0.49627789855003357,
    0,
    0,
    0.49627789855003357,
    0,
    0,
    0.49627789855003357,
    0,
    0,
    0.49627789855003357,
    0,
    0,
    -0.49627789855003357,
    0,
    0,
    -0.49627789855003357,
    0,
    0,
    -0.49627789855003357,
    0,
    0,
    -0.49627789855003357
  ],
  "textures": [
    0,
    1,
    0,
    0,
    1,
    1,
    1,
    0,
    0,
    1,
    0,
    0,
    1,
    1,
    1,
    0,
    0,
    1,
    0,
    0,
    1,
    1,
    1,
    0,
    0,
    1,
    0,
    0,
    1,
    1,
    1,
    0,
    0,
    1,
    0,
    0,
    1,
    1,
    1,
    0,
    0,
    1,
    0,
    0,
    1,
    1,
    1,
    0
  ],
  "indices": [
    0,
    1,
    2,
    1,
    3,
    2,
    4,
    5,
    6,
    5,
    7,
    6,
    8,
    9,
    10,
    9,
    11,
    10,
    12,
    13,
    14,
    13,
    15,
    14,
    16,
    17,
    18,
    17,
    19,
    18,
    20,
    21,
    22,
    21,
    23,
    22
  ],
  "textureStride": 2,
  "vertices": [
    50,
    334.6809148788452,
    100.75000524520874,
    50,
    -39.318060874938965,
    100.75000524520874,
    50,
    334.6809148788452,
    -100.75000524520874,
    50,
    -39.318060874938965,
    -100.75000524520874,
    -50,
    334.6809148788452,
    -100.75000524520874,
    -50,
    -39.318060874938965,
    -100.75000524520874,
    -50,
    334.6809148788452,
    100.75000524520874,
    -50,
    -39.318060874938965,
    100.75000524520874,
    -50,
    334.6809148788452,
    -100.75000524520874,
    -50,
    334.6809148788452,
    100.75000524520874,
    50,
    334.6809148788452,
    -100.75000524520874,
    50,
    334.6809148788452,
    100.75000524520874,
    -50,
    -39.318060874938965,
    100.75000524520874,
    -50,
    -39.318060874938965,
    -100.75000524520874,
    50,
    -39.318060874938965,
    100.75000524520874,
    50,
    -39.318060874938965,
    -100.75000524520874,
    -50,
    334.6809148788452,
    100.75000524520874,
    -50,
    -39.318060874938965,
    100.75000524520874,
    50,
    334.6809148788452,
    100.75000524520874,
    50,
    -39.318060874938965,
    100.75000524520874,
    50,
    334.6809148788452,
    -100.75000524520874,
    50,
    -39.318060874938965,
    -100.75000524520874,
    -50,
    334.6809148788452,
    -100.75000524520874,
    -50,
    -39.318060874938965,
    -100.75000524520874
  ],
  "vertexMaterialIndices": [
    -1,
    -1,
    -1,
    -1,
    -1,
    -1,
    -1,
    -1,
    -1,
    -1,
    -1,
    -1,
    -1,
    -1,
    -1,
    -1,
    -1,
    -1,
    -1,
    -1,
    -1,
    -1,
    -1,
    -1
  ],
  "materialNames": [],
  "materialIndices": {}
}
